LastName,FirstName,ID,C_Pref,Camp_pref
Aaronson,Bob,baarons@college.edu,"CHM-151, CHM-152, CHM251, CHM252","SNWC, SWC, EWC"
Twerwilliger,Steve,stwerwi@college.edu,"CHM-151, CHM-152, CHM251","NWC, RTP"
Marie,R. Roger,rmarie@college.edu,"CHM-151, CHM-152, CHM251","SNWC, NWC, RTP, EWC"
Logan,Marie,mlogan@college.edu,"CHM-151, CHM-152","SNWC, SWC, EWC"
Erwin,Leslie,lerwin@college.edu,CHM-151,"SNWC, SWC, NWC, EWC"
Moon,Leanna,lmoon@college.edu,"CHM-090, CHM-151","SNWC, RTP"
McDonald,Hannah,hmcdona@college.edu,"CHM-090, CHM-151","SWC, NWC, EWC"
Zwie,Chuck,czwie@college.edu,"CHM-151, CHM-152, CHM252",NWC
